url,images,description,image_urls,title
http://stlouis.craigslist.org/ppd/3827544203.html,,"
		I am looking for a generator with 5000 watts. I need it to be in good condition and in running condition. I am willing to pay up to 300 for the generator. If you have anything that fits my description please email me at mcibulka6@yahoo.com or call me at 636 232 88threetwo. I need it by June 1st and I will drive a little ways to pick it up.
	",,"
  ,
  5000 watt generator WANTED!!! - $300 (Arnold Mo)
"
http://stlouis.craigslist.org/ppd/3813101873.html,"[{'url': 'http://images.craigslist.org/thumb/3Gd3Me3J85Nb5G35Hcd5i72cecefa66051c0f.jpg', 'path': 'full/841d295a0e8a520c287e8503bf991d6f2a909f1e.jpg', 'checksum': 'f576680779ac22229ddab8f92e6e8376'}, {'url': 'http://images.craigslist.org/thumb/3K63M63N55Nc5Lc5Gcd5i4f2d18e5804517b8.jpg', 'path': 'full/38f12e84585ec4c9a8f51864f032eb836c4b1922.jpg', 'checksum': '212e9d4375b2ee0f4579ae9fc6f1d2fc'}, {'url': 'http://images.craigslist.org/thumb/3Mf3Ie3Nc5Gb5He5J5d5i80bedeabb97314c9.jpg', 'path': 'full/4f2c900ef72feb520a6987d63b1b65d2994a2a45.jpg', 'checksum': 'e750afa7a2183218a9944c4dbf02d710'}, {'url': 'http://images.craigslist.org/thumb/3Gb3M93Je5K85Fc5M8d5i08bcb2e4bdd6134b.jpg', 'path': 'full/27c73268c0cfa5fabe850fd4b895bbd3a7db05eb.jpg', 'checksum': '0586d7f12acc399a04736c115aa544a6'}, {'url': 'http://images.craigslist.org/thumb/3K83Fe3Ie5F35Hc5M3d5ia42ad700e1121504.jpg', 'path': 'full/f8d6b351a15c76e34bde43c80d9ba690b39cd87c.jpg', 'checksum': 'dee6245fa878b7c0f3fda7ccf3a22cac'}, {'url': 'http://images.craigslist.org/thumb/3F23Mc3J95N75K85Jad5i4b270c3f905c1c78.jpg', 'path': 'full/cc580e684c2cc6d783484bfa3f0c0cd1296286d2.jpg', 'checksum': '2d015e9ec5a7617913ab83f22401f1c7'}, {'url': 'http://images.craigslist.org/thumb/3E33Lf3N15N25L85Kcd5icde2d51343771808.jpg', 'path': 'full/1893ff451b315f14b8069e5d972dc45189dc39bf.jpg', 'checksum': '42cf8e0b3c033304d031c743fcbd4f8c'}, {'url': 'http://images.craigslist.org/thumb/3Le3Fe3Jb5Lb5Ef5J8d5i8a5cd5c15c8214c3.jpg', 'path': 'full/5ad9f75aac74fc63a77a908ee0d2a8929d8e38ec.jpg', 'checksum': 'cb76a5616b27b416b7679413ec26ef55'}, {'url': 'http://images.craigslist.org/3Gd3Me3J85Nb5G35Hcd5i72cecefa66051c0f.jpg', 'path': 'full/7e22cda9afbf8fe9ecf54be3d6c477110379ff88.jpg', 'checksum': 'b6f1f2ef2c5f7dbb6a5e8e1cbd9581bf'}]","
		No membership needed to get great deals on half price appliances top name brand LG Samsung GE 314-612-0032 Used appliances 99 dollars in up! Brand new scratching  and carton damage Damages not noticeable! But 50 percent of the price If you like to save tons of money definitely check us out!new appliances starting at $399 and up!
	","http://images.craigslist.org/thumb/3Gd3Me3J85Nb5G35Hcd5i72cecefa66051c0f.jpg,http://images.craigslist.org/thumb/3K63M63N55Nc5Lc5Gcd5i4f2d18e5804517b8.jpg,http://images.craigslist.org/thumb/3Mf3Ie3Nc5Gb5He5J5d5i80bedeabb97314c9.jpg,http://images.craigslist.org/thumb/3Gb3M93Je5K85Fc5M8d5i08bcb2e4bdd6134b.jpg,http://images.craigslist.org/thumb/3K83Fe3Ie5F35Hc5M3d5ia42ad700e1121504.jpg,http://images.craigslist.org/thumb/3F23Mc3J95N75K85Jad5i4b270c3f905c1c78.jpg,http://images.craigslist.org/thumb/3E33Lf3N15N25L85Kcd5icde2d51343771808.jpg,http://images.craigslist.org/thumb/3Le3Fe3Jb5Lb5Ef5J8d5i8a5cd5c15c8214c3.jpg,http://images.craigslist.org/3Gd3Me3J85Nb5G35Hcd5i72cecefa66051c0f.jpg","
  ,
  ¶¶¶¶¶Appliance Wholesalers Now Open to the public - $99 (""""""Get whole Sale Prices"""""" on new appliances )
"
http://stlouis.craigslist.org/ppd/3827293541.html,"[{'url': 'http://i1169.photobucket.com/albums/r511/markwhitley1983/st_zps04b6df25.jpg', 'path': 'full/228914fe6e23c5dcb0a1ff72581aaac20dadd591.jpg', 'checksum': '8e99353929c09e223f0aad09b24e32a2'}, {'url': 'http://i1169.photobucket.com/albums/r511/markwhitley1983/frostys_zps761756d7.jpg', 'path': 'full/c5ffdee9407d64ffbcb64d87e20928323cc1cc8b.jpg', 'checksum': '29a34e38ddefa99e293457d5f644720b'}]","
		Smooth Top and coil Top Electric Ranges On Sale At Frosty's Appliance, All Appliances come with a 100% Warranty and Delivery is Available!, Open 9am to 7pm Monday through Friday and 9am to 5pm on Saturday., 7024 Highway 61/67 , Barnhart, MO 63012, 636-487-0522, Located in the old Kohler City Hardware Building., ',

	","http://i1169.photobucket.com/albums/r511/markwhitley1983/st_zps04b6df25.jpg,http://i1169.photobucket.com/albums/r511/markwhitley1983/frostys_zps761756d7.jpg","
  ,
  ❂ Clean / Warranty ⥿ Ĕlectric ℟anges ❂ - $150 (Barnhart, MO)
"
http://stlouis.craigslist.org/ppd/3811834150.html,"[{'url': 'http://images.craigslist.org/thumb/3Ee3I83H95Nf5Me5J5d5h15ca4179cd3b1230.jpg', 'path': 'full/241645e2e1c1877b6b07b0690e35d75648ec1f80.jpg', 'checksum': 'f576680779ac22229ddab8f92e6e8376'}, {'url': 'http://images.craigslist.org/thumb/3Gf3Lc3J65Gf5F15H7d5h53dab70f1986192f.jpg', 'path': 'full/195225cb0c8a2a99765592d106df85e47ad79888.jpg', 'checksum': '212e9d4375b2ee0f4579ae9fc6f1d2fc'}, {'url': 'http://images.craigslist.org/thumb/3Lb3Ic3N45L95G35J3d5hb213f2ac1df410e3.jpg', 'path': 'full/262597d13e604f9af663e60482c334e0c5350cd5.jpg', 'checksum': 'e750afa7a2183218a9944c4dbf02d710'}, {'url': 'http://images.craigslist.org/thumb/3K13Lf3H15L95I25Kad5hb2a3296505071655.jpg', 'path': 'full/773ee81d4a173a585d9976c51346b637de993523.jpg', 'checksum': '0586d7f12acc399a04736c115aa544a6'}, {'url': 'http://images.craigslist.org/thumb/3E33Jf3H85K75F85H8d5ha2069cd69ad51452.jpg', 'path': 'full/32cb2009b67c90a837fc95fb19b810af2ee0f236.jpg', 'checksum': 'dee6245fa878b7c0f3fda7ccf3a22cac'}, {'url': 'http://images.craigslist.org/thumb/3K33J13Nc5Gf5K25M7d5ha71a07e2753e1b94.jpg', 'path': 'full/feb8c2d52146c0e10bbbe7ac30c9f9b9b7ffadc7.jpg', 'checksum': '2d015e9ec5a7617913ab83f22401f1c7'}, {'url': 'http://images.craigslist.org/3Ee3I83H95Nf5Me5J5d5h15ca4179cd3b1230.jpg', 'path': 'full/974a826cb67bca1b537235e3978f73d1a04ffac3.jpg', 'checksum': 'b6f1f2ef2c5f7dbb6a5e8e1cbd9581bf'}]","
		No membership needed to get great deals on half price appliances top name brand LG Samsung GE 314-614-7434 or 314-612-0032 Used appliances 99 dollars in up! Brand new scratching  and carton damage Damages not noticeable! But 50 percent of the price If you like to save tons of money definitely check us out!
	","http://images.craigslist.org/thumb/3Ee3I83H95Nf5Me5J5d5h15ca4179cd3b1230.jpg,http://images.craigslist.org/thumb/3Gf3Lc3J65Gf5F15H7d5h53dab70f1986192f.jpg,http://images.craigslist.org/thumb/3Lb3Ic3N45L95G35J3d5hb213f2ac1df410e3.jpg,http://images.craigslist.org/thumb/3K13Lf3H15L95I25Kad5hb2a3296505071655.jpg,http://images.craigslist.org/thumb/3E33Jf3H85K75F85H8d5ha2069cd69ad51452.jpg,http://images.craigslist.org/thumb/3K33J13Nc5Gf5K25M7d5ha71a07e2753e1b94.jpg,http://images.craigslist.org/3Ee3I83H95Nf5Me5J5d5h15ca4179cd3b1230.jpg","
  ,
  ¶¶¶¶¶Appliance Wholesalers¶¶¶ 50%OFF Now open to the public (Get whole Sale prices on new appliances )
"
http://stlouis.craigslist.org/ppd/3811831825.html,"[{'url': 'http://images.craigslist.org/thumb/3K63M43Hd5N25K65H1d5h11e01a1b94481bcc.jpg', 'path': 'full/2e0340a01af35b818a14ac75209fbf3c24f0d6c9.jpg', 'checksum': '552966e3d2b44b675d2799528c825f04'}, {'url': 'http://images.craigslist.org/thumb/3E23G23F15Nc5La5J7d5h1602f80f0dfb115f.jpg', 'path': 'full/25d139504eba6d3e603c86d73958208f778bd8d4.jpg', 'checksum': '365d074cd19dd0c6e5385dcddfd1fb1f'}, {'url': 'http://images.craigslist.org/thumb/3Ef3K63M55I25Eb5Kcd5h69a5afd92ed81ccc.jpg', 'path': 'full/4ed9ffc4b2953e4054dd801ce5fb11fdd0465a7e.jpg', 'checksum': 'fd030dc43b082f5de5ed85d517592a36'}, {'url': 'http://images.craigslist.org/thumb/3Gc3J53N25L65G15M6d5hc84eaf7a6bf71254.jpg', 'path': 'full/20ee4343f8e81218403c10ecf22561fbeef25ecb.jpg', 'checksum': 'a0238c34741c1f3cacfa3921dd9dc267'}, {'url': 'http://images.craigslist.org/thumb/3Lb3Jf3H55E75K35M1d5h4ae515785c671369.jpg', 'path': 'full/2c17187be03698e100d979ff7d8d96241e6ba559.jpg', 'checksum': '61454cf2f3f52436515ceff8a9466a8d'}, {'url': 'http://images.craigslist.org/thumb/3G33K93F85N95H85Jbd5hc12b2a7bddd416fc.jpg', 'path': 'full/004ce812fd7c6d5213790e11be0531fe3589eb03.jpg', 'checksum': '2ad9e1d48b26886f53ae5a16461fdbdc'}, {'url': 'http://images.craigslist.org/thumb/3E33Nd3Hb5Nc5Ib5K1d5h33540b8ae4921102.jpg', 'path': 'full/b4948bb9f3fb537af39ce9c9de589f7162118b61.jpg', 'checksum': '976b8a5f3f0739dc33d29b663a44be04'}, {'url': 'http://images.craigslist.org/thumb/3F63M23N95G75Mb5J2d5h18729f18523219ff.jpg', 'path': 'full/588e3cd26d6746bcfcf91e802a05222243c4ad3f.jpg', 'checksum': 'a80739da96070aa269ab53ac80da525f'}, {'url': 'http://images.craigslist.org/3K63M43Hd5N25K65H1d5h11e01a1b94481bcc.jpg', 'path': 'full/a9690a1256b04e97c21d0feb3329b096883d9e05.jpg', 'checksum': '43b06a07d9531c5942e0e23296d47354'}]","
		314-614-7434..text or call best deals in Saint Louis and Saint Charles..314-440-8519%$$$$$699. S!!AND UP!WAY CHEAPER THEN THE BIG STORE
	","http://images.craigslist.org/thumb/3K63M43Hd5N25K65H1d5h11e01a1b94481bcc.jpg,http://images.craigslist.org/thumb/3E23G23F15Nc5La5J7d5h1602f80f0dfb115f.jpg,http://images.craigslist.org/thumb/3Ef3K63M55I25Eb5Kcd5h69a5afd92ed81ccc.jpg,http://images.craigslist.org/thumb/3Gc3J53N25L65G15M6d5hc84eaf7a6bf71254.jpg,http://images.craigslist.org/thumb/3Lb3Jf3H55E75K35M1d5h4ae515785c671369.jpg,http://images.craigslist.org/thumb/3G33K93F85N95H85Jbd5hc12b2a7bddd416fc.jpg,http://images.craigslist.org/thumb/3E33Nd3Hb5Nc5Ib5K1d5h33540b8ae4921102.jpg,http://images.craigslist.org/thumb/3F63M23N95G75Mb5J2d5h18729f18523219ff.jpg,http://images.craigslist.org/3K63M43Hd5N25K65H1d5h11e01a1b94481bcc.jpg","
  ,
  ★★★NEED BRAND NEW APPLIANCES???  @T  CHEAP PRICES!!!!! (★★★BLOWOUT  SALE ★★★ WIL)
"
http://stlouis.craigslist.org/ppd/3797292343.html,"[{'url': 'http://images.craigslist.org/thumb/3K33M13Ha5L95E25F2d5a0c4280d6ad3e125d.jpg', 'path': 'full/367133a5c3524454fc655525fed118c78c7902de.jpg', 'checksum': '22ae0b718f91ea6cc3df5637d2588edc'}, {'url': 'http://images.craigslist.org/thumb/3Kf3M83F15G25J15M5d5aa3e91594feb612ec.jpg', 'path': 'full/651d9ceb660bb0782dcbe28e16029ab110a6c79c.jpg', 'checksum': 'd7a2663e0e2f05dc5f6532bf8e8acad7'}, {'url': 'http://images.craigslist.org/thumb/3L83Ma3Ha5G85Kf5F7d5abeed2014545f196c.jpg', 'path': 'full/b4eafb670f6183c272cdede130529e989c16d2f1.jpg', 'checksum': '3064009fe1bf117f0dee772b8631a47a'}, {'url': 'http://images.craigslist.org/thumb/3Mf3L13H45Nb5Ib5G9d5a035d64374983112d.jpg', 'path': 'full/11b5856568ca0be1155a80657d6a4faeef2f5cc2.jpg', 'checksum': '7749bf3a9f3784132c60b4cdfb83eb9c'}, {'url': 'http://images.craigslist.org/thumb/3G93F83I25L65H55J6d5a1abc6e02f5c6147e.jpg', 'path': 'full/b5b0a67225afe4383134b742e47d2367d148058d.jpg', 'checksum': '5b0e66f4c4c51250ee76a6e6e7e17672'}, {'url': 'http://images.craigslist.org/thumb/3Ed3L33Jd5I95N35Jfd5a3e36724d62e61bd2.jpg', 'path': 'full/e2046c6160ca1beb7c64b931d5abc3ab03658f59.jpg', 'checksum': '0ea6b59e2808d3470e5bf6605b058b5f'}, {'url': 'http://images.craigslist.org/thumb/3Fe3Jc3N25G75E65J7d5ae3debf86d9491c90.jpg', 'path': 'full/15d362c565a6043b66db106f86959eb2910210a6.jpg', 'checksum': '5909699b5619e8e4d14dcf5b906137cd'}, {'url': 'http://images.craigslist.org/thumb/3Ed3G13J85Kb5J65M6d5a5f387810f8ab10f4.jpg', 'path': 'full/96ac47753be6927066b9733ef451cd17fcd087d9.jpg', 'checksum': 'd4804a27b3b3a6d01706607ccd7b2330'}, {'url': 'http://images.craigslist.org/3K33M13Ha5L95E25F2d5a0c4280d6ad3e125d.jpg', 'path': 'full/98ffbdf644d4e9dbba81bdbf4d3cad1473acd11f.jpg', 'checksum': '527e2853a9b335a02527306ea2189d0c'}]","
		Call or Text at 314-612-0032 for appointments.   fridges  New $749-$1100.  Diswasher  s$ 249.-and up! $399.New is half price of anybody box store
	","http://images.craigslist.org/thumb/3K33M13Ha5L95E25F2d5a0c4280d6ad3e125d.jpg,http://images.craigslist.org/thumb/3Kf3M83F15G25J15M5d5aa3e91594feb612ec.jpg,http://images.craigslist.org/thumb/3L83Ma3Ha5G85Kf5F7d5abeed2014545f196c.jpg,http://images.craigslist.org/thumb/3Mf3L13H45Nb5Ib5G9d5a035d64374983112d.jpg,http://images.craigslist.org/thumb/3G93F83I25L65H55J6d5a1abc6e02f5c6147e.jpg,http://images.craigslist.org/thumb/3Ed3L33Jd5I95N35Jfd5a3e36724d62e61bd2.jpg,http://images.craigslist.org/thumb/3Fe3Jc3N25G75E65J7d5ae3debf86d9491c90.jpg,http://images.craigslist.org/thumb/3Ed3G13J85Kb5J65M6d5a5f387810f8ab10f4.jpg,http://images.craigslist.org/3K33M13Ha5L95E25F2d5a0c4280d6ad3e125d.jpg","
  ,
  /////////Attention//Appliance// Liquidation Slashing Prices  (Tons of Appliances for bottom dollar pri)
"
http://stlouis.craigslist.org/ppd/3811405693.html,"[{'url': 'http://images.craigslist.org/thumb/3Ka3Fb3N55L95G65J6d5h30defe53385814a9.jpg', 'path': 'full/fb28bfd026ac0eb4d079c6ba189aa427e58736bc.jpg', 'checksum': '51403688bb05e424682e352cc66201a5'}, {'url': 'http://images.craigslist.org/thumb/3E53Ib3Ne5G35Kd5M5d5h69451ae06ca61b1e.jpg', 'path': 'full/d9ca7feb37bf99404aaff055f37d4f03f5330dd0.jpg', 'checksum': 'cadc21bb5fed90a08ad376d5d312ae2b'}, {'url': 'http://images.craigslist.org/thumb/3E23Ia3N35L95K25M1d5h8248d04a714c1767.jpg', 'path': 'full/a8c1ff7c14805cf372a13e78b923aba2d3b9c719.jpg', 'checksum': 'fae55a48c1c1917c63c1faad4fcf69a3'}, {'url': 'http://images.craigslist.org/thumb/3L93I53J15L55Ke5H2d5he3bea90a6c631a71.jpg', 'path': 'full/5647eb4b135a4317282b2164a496a6db17ff7dc9.jpg', 'checksum': 'e949b20ae2228197896ee4c83a8455cd'}, {'url': 'http://images.craigslist.org/thumb/3G53Me3N45I65G75F9d5hf37a4a6b2aa01504.jpg', 'path': 'full/6f614179ba2eee3ab3f67bcc482738e7456785d4.jpg', 'checksum': '4aa59f8b5128183c387f6fcbcc2ea7d8'}, {'url': 'http://images.craigslist.org/thumb/3M73Lb3J15La5K85Mad5hecca6b2d51fa171b.jpg', 'path': 'full/dd2e27bc102634e3b0c1cbe5e7e4aaa25b1cb876.jpg', 'checksum': '32b3747c9e084317ab3c9f2dd5e2a94c'}, {'url': 'http://images.craigslist.org/thumb/3Gb3Nd3Hd5I15K85M4d5h5bbf41bb775510a6.jpg', 'path': 'full/3b2091c015b937656c43636606ef66eab07b0f99.jpg', 'checksum': '97e1ee1afbb7d75470e3d445e40630ef'}, {'url': 'http://images.craigslist.org/3Ka3Fb3N55L95G65J6d5h30defe53385814a9.jpg', 'path': 'full/88345056cc4ec80e08f8bcc4b327743e656390e2.jpg', 'checksum': 'd3ea47e6df0d7bc950687a28e450bc99'}]","
		$649.-$1100.Tons of side by side 3 d or french doors for doors for half price of the big box stores *text or call314-614-7434
	","http://images.craigslist.org/thumb/3Ka3Fb3N55L95G65J6d5h30defe53385814a9.jpg,http://images.craigslist.org/thumb/3E53Ib3Ne5G35Kd5M5d5h69451ae06ca61b1e.jpg,http://images.craigslist.org/thumb/3E23Ia3N35L95K25M1d5h8248d04a714c1767.jpg,http://images.craigslist.org/thumb/3L93I53J15L55Ke5H2d5he3bea90a6c631a71.jpg,http://images.craigslist.org/thumb/3G53Me3N45I65G75F9d5hf37a4a6b2aa01504.jpg,http://images.craigslist.org/thumb/3M73Lb3J15La5K85Mad5hecca6b2d51fa171b.jpg,http://images.craigslist.org/thumb/3Gb3Nd3Hd5I15K85M4d5h5bbf41bb775510a6.jpg,http://images.craigslist.org/3Ka3Fb3N55L95G65J6d5h30defe53385814a9.jpg","
  ,
  SAMSUNG**50%OFF**SALE**New Appliances** white  *black * stainless***** (refrigerator s sale french door)
"
http://stlouis.craigslist.org/ppd/3813103640.html,"[{'url': 'http://images.craigslist.org/thumb/3E93G13J25N15E65J8d5i80bd15868b681f68.jpg', 'path': 'full/61c9c90eee407b920b638c309fdae6d8689a1d74.jpg', 'checksum': '22ae0b718f91ea6cc3df5637d2588edc'}, {'url': 'http://images.craigslist.org/thumb/3F23N33Hb5Kd5J35M8d5iacecef18ef8711af.jpg', 'path': 'full/e0c00115b7212e957e7d1a55a12838c003dcc629.jpg', 'checksum': 'd7a2663e0e2f05dc5f6532bf8e8acad7'}, {'url': 'http://images.craigslist.org/thumb/3G83F63Nb5Fb5Hc5Jcd5i5237aa367b9b11a5.jpg', 'path': 'full/b598a50f3577f2d017e0d3bea1d0fe227ea6b01d.jpg', 'checksum': '3064009fe1bf117f0dee772b8631a47a'}, {'url': 'http://images.craigslist.org/thumb/3Kc3L93J25L85F25M1d5i656ed39e1a6c14df.jpg', 'path': 'full/2bb75612860ee8f3966547abbe3a8fd7e0909363.jpg', 'checksum': '7749bf3a9f3784132c60b4cdfb83eb9c'}, {'url': 'http://images.craigslist.org/thumb/3G33I53Hc5If5K35M1d5i6dfc6d14651a1c06.jpg', 'path': 'full/dbef0323a5107fc57b236c09ad0fa29378542ce2.jpg', 'checksum': '5b0e66f4c4c51250ee76a6e6e7e17672'}, {'url': 'http://images.craigslist.org/thumb/3Eb3Kf3I35L45K45M2d5i5508c8ebb4521699.jpg', 'path': 'full/fe643c881b959a847281fae164f31fbbb08ef5d4.jpg', 'checksum': '7ef75d3ead5e3cbb7144ea376e1702f7'}, {'url': 'http://images.craigslist.org/thumb/3L43Fd3H25Gf5K15M4d5i9be41d369bbf1345.jpg', 'path': 'full/16b19b96991301270045049628b850a9c1005736.jpg', 'checksum': '139343a5e0cf05f966d224f046e12c5d'}, {'url': 'http://images.craigslist.org/thumb/3F83J53H65N95Eb5Hdd5ic9fcf257c838167d.jpg', 'path': 'full/7d9833225013c6ab8498fc396d49a1f7cc2975fd.jpg', 'checksum': '9f9c294230dee41edeaf24080829f432'}, {'url': 'http://images.craigslist.org/3E93G13J25N15E65J8d5i80bd15868b681f68.jpg', 'path': 'full/fd52f3e029d69c3c924d7c478e3c7c245d66ba88.jpg', 'checksum': '527e2853a9b335a02527306ea2189d0c'}]","
		Call or Text at 314-614-7434%%%% 10-7during the week and then on Sundays for appointments.   fridges  New $649-$1100.  Diswasher  s$ 249.-and up! $399.New is half price of anybody box store
	","http://images.craigslist.org/thumb/3E93G13J25N15E65J8d5i80bd15868b681f68.jpg,http://images.craigslist.org/thumb/3F23N33Hb5Kd5J35M8d5iacecef18ef8711af.jpg,http://images.craigslist.org/thumb/3G83F63Nb5Fb5Hc5Jcd5i5237aa367b9b11a5.jpg,http://images.craigslist.org/thumb/3Kc3L93J25L85F25M1d5i656ed39e1a6c14df.jpg,http://images.craigslist.org/thumb/3G33I53Hc5If5K35M1d5i6dfc6d14651a1c06.jpg,http://images.craigslist.org/thumb/3Eb3Kf3I35L45K45M2d5i5508c8ebb4521699.jpg,http://images.craigslist.org/thumb/3L43Fd3H25Gf5K15M4d5i9be41d369bbf1345.jpg,http://images.craigslist.org/thumb/3F83J53H65N95Eb5Hdd5ic9fcf257c838167d.jpg,http://images.craigslist.org/3E93G13J25N15E65J8d5i80bd15868b681f68.jpg","
  ,
  ★★★★Attention★★★Appliance//Liquidation (☆☆☆Tons of Appliances for bottom dollar &a)
"
http://stlouis.craigslist.org/ppd/3810764743.html,,"
		SAVE...A..BUCK!!!!!SUPER CHEAP DEALS!****314-614-7434*******!314-667-5661!STARTING AT $597.AND UP!!!
	",,"
  ,
  OPEN BOX Refrigerators *S*A*L*E*.White ....   ON NEW BLACK  APPLIANCES - $1 (TONS OF DEALS!!!! 55%%-75%%OFF)
"
http://stlouis.craigslist.org/ppd/3810130217.html,"[{'url': 'http://images.craigslist.org/thumb/3Ea3Kb3Me5I25N45F9d5gc19ec665adaf1379.jpg', 'path': 'full/e85ade017547dc1f01c9413f934dbed373a98569.jpg', 'checksum': 'f576680779ac22229ddab8f92e6e8376'}, {'url': 'http://images.craigslist.org/thumb/3Ef3Md3J75L85J95M9d5g0b3e2aa9d2a01c58.jpg', 'path': 'full/0a3a82c67a771a2bc3121f67cd1c8e57ee45ee87.jpg', 'checksum': '212e9d4375b2ee0f4579ae9fc6f1d2fc'}, {'url': 'http://images.craigslist.org/thumb/3E23Fa3Jd5I75Kb5Fdd5g8577ed8ccd1d1d96.jpg', 'path': 'full/1436e63355651e07d29c47da5a53e64c838a20c3.jpg', 'checksum': 'e750afa7a2183218a9944c4dbf02d710'}, {'url': 'http://images.craigslist.org/thumb/3G93M23Jf5I75H55Jed5g7ef899e440d81ee6.jpg', 'path': 'full/add5837547214b11632cad30e8f89fa03b7a934b.jpg', 'checksum': '0586d7f12acc399a04736c115aa544a6'}, {'url': 'http://images.craigslist.org/thumb/3E13Kb3Nf5N65Kd5H4d5gce4cb1b5777f12d1.jpg', 'path': 'full/873867d0e3346d27c5830f3d3e029e55faaccd0d.jpg', 'checksum': 'dee6245fa878b7c0f3fda7ccf3a22cac'}, {'url': 'http://images.craigslist.org/thumb/3Ef3Ia3H95N25K85J8d5g36ec4c3a4b2e12ca.jpg', 'path': 'full/8edb65766c18d426f08f37e3fe8d8ed62f2d0b68.jpg', 'checksum': '2d015e9ec5a7617913ab83f22401f1c7'}, {'url': 'http://images.craigslist.org/3Ea3Kb3Me5I25N45F9d5gc19ec665adaf1379.jpg', 'path': 'full/cb3abfcb771aed90264d54b194cfb84d4dae2284.jpg', 'checksum': 'b6f1f2ef2c5f7dbb6a5e8e1cbd9581bf'}]","
		No membership needed to get great deals on half price appliances top name brand LG Samsung GE 314-614-7434 or 314-612-0032 Used appliances 99 dollars in up! Brand new scratching  and carton damage Damages not noticeable! But 50 percent of the price If you like to save tons of money definitely check us out!
	","http://images.craigslist.org/thumb/3Ea3Kb3Me5I25N45F9d5gc19ec665adaf1379.jpg,http://images.craigslist.org/thumb/3Ef3Md3J75L85J95M9d5g0b3e2aa9d2a01c58.jpg,http://images.craigslist.org/thumb/3E23Fa3Jd5I75Kb5Fdd5g8577ed8ccd1d1d96.jpg,http://images.craigslist.org/thumb/3G93M23Jf5I75H55Jed5g7ef899e440d81ee6.jpg,http://images.craigslist.org/thumb/3E13Kb3Nf5N65Kd5H4d5gce4cb1b5777f12d1.jpg,http://images.craigslist.org/thumb/3Ef3Ia3H95N25K85J8d5g36ec4c3a4b2e12ca.jpg,http://images.craigslist.org/3Ea3Kb3Me5I25N45F9d5gc19ec665adaf1379.jpg","
  ,
  ¶¶¶¶¶Appliance Wholesalers¶¶¶ 50%OFF Now open to the public (Get whole Sale prices on new appliances )
"
http://stlouis.craigslist.org/ppd/3804281390.html,"[{'url': 'http://images.craigslist.org/thumb/3Gf3M73L55N55E55H5d5e1d05ccf3de7110a1.jpg', 'path': 'full/f895189542e37c79f27d38ab5718a0b858890f5d.jpg', 'checksum': 'd4804a27b3b3a6d01706607ccd7b2330'}, {'url': 'http://images.craigslist.org/thumb/3Kc3Ib3N25G75Ke5H8d5e801af00d743b14f2.jpg', 'path': 'full/1051f6d3c21bf1c0436f57bf37b06db9284a37c5.jpg', 'checksum': '2372411a1065c5858f9ae52d71070ac5'}, {'url': 'http://images.craigslist.org/thumb/3I13F33H55Id5N45Edd5ee52f334e78ac1522.jpg', 'path': 'full/cec535bb9b95590aa3411ab0172415bca498e94c.jpg', 'checksum': '1560e37247ce5e5f2db2dc976c37d153'}, {'url': 'http://images.craigslist.org/thumb/3K23F73J95Nf5I35F8d5ee03e840cedd51481.jpg', 'path': 'full/9bb9d016f8f27e9f7c6debcfd620d5afdb1ae169.jpg', 'checksum': '76932069378c945d853a3d5c88641816'}, {'url': 'http://images.craigslist.org/thumb/3E73Me3L35N15Ge5Eed5e5df4375c715f10f6.jpg', 'path': 'full/008d4d6d7a8c9a205935c5e30e318ad4b3b388d3.jpg', 'checksum': '6824e5c477f942fec37d07aca4bd7011'}, {'url': 'http://images.craigslist.org/3Gf3M73L55N55E55H5d5e1d05ccf3de7110a1.jpg', 'path': 'full/426e299d061131df123deea1932d037e404884fd.jpg', 'checksum': '1ca2310ed9791514f035b7cd1e2865b7'}]","
		Let's see half price appliances with the warranty can deliver no brainer!!! cut out the middleman this is a full warehouse wholesale deal! dealers welcome by direct Samsung appliances St Charles  oFallon St Peter St Louis Wildwood Clayton best of the best for Missouri in the Midwest!314-612-0032 washer front loaders and t! top of the line refrigerator starting at $699 side by side and 3 door French doors super deals and up! top loaders high efficiency starting at 399 and up stuff.org dishwasher you name it we have it all microwave above the range!
	","http://images.craigslist.org/thumb/3Gf3M73L55N55E55H5d5e1d05ccf3de7110a1.jpg,http://images.craigslist.org/thumb/3Kc3Ib3N25G75Ke5H8d5e801af00d743b14f2.jpg,http://images.craigslist.org/thumb/3I13F33H55Id5N45Edd5ee52f334e78ac1522.jpg,http://images.craigslist.org/thumb/3K23F73J95Nf5I35F8d5ee03e840cedd51481.jpg,http://images.craigslist.org/thumb/3E73Me3L35N15Ge5Eed5e5df4375c715f10f6.jpg,http://images.craigslist.org/3Gf3M73L55N55E55H5d5e1d05ccf3de7110a1.jpg","
  ,
  ¶¶¶¶¶Warehouse Sale!!! New¶¶¶¶   New Samsung Appliances half off - $1 (Save a buck with us! we deliver!)
"
http://stlouis.craigslist.org/ppd/3822624727.html,"[{'url': 'http://images.craigslist.org/thumb/3Lc3Jc3H45Na5L35M9d5m1591c7a9ee901e9d.jpg', 'path': 'full/aa60bb1ab7ef01d9df0390986a196554c3be6264.jpg', 'checksum': '04ea5d2aa0a378310edf201ac95f1041'}, {'url': 'http://images.craigslist.org/thumb/3Kc3M33F75L15Gc5Kfd5m10a65b0769d51d81.jpg', 'path': 'full/bf7986e3a175cb7ec07414c76b7ca9d7022a1332.jpg', 'checksum': '31cecd59fe01685931f0046780cfa0da'}, {'url': 'http://images.craigslist.org/thumb/3F93Ie3Ne5I35L85Ead5m56b26e96d9c6178f.jpg', 'path': 'full/c1bb09af29f16c2968fe611c09edf2e12053d659.jpg', 'checksum': 'e58497984f72973c4885dd244ea521b7'}, {'url': 'http://images.craigslist.org/thumb/3K23Jf3He5Ne5K25H7d5mc101b898bd891c2e.jpg', 'path': 'full/aa7e85938bb32ef3620670f8b2d280a0e4a96f61.jpg', 'checksum': 'b33995357161523a38375c9ed51067a9'}, {'url': 'http://images.craigslist.org/thumb/3K33Fc3Hb5If5K95Hed5m65bbc107db6f1bf1.jpg', 'path': 'full/c247554e7b202ccb620ae4867335b7e707efd77a.jpg', 'checksum': '190cc145840a43d681f0f5cfbcc5571f'}, {'url': 'http://images.craigslist.org/thumb/3Ld3M93H65N55F25J2d5m3385f7b0cb011180.jpg', 'path': 'full/08a97c037d7e41f020e94a38d5710d48a23a1cba.jpg', 'checksum': '4e1317760e8a7ee6cdd1e8bc01826f86'}, {'url': 'http://images.craigslist.org/thumb/3E43Kb3L35N35La5F2d5m1be6404dd1501e8f.jpg', 'path': 'full/870df4889fdaa4bd228e97d5f2d39fa2acfab5f4.jpg', 'checksum': 'f3a6ab336d328a39099051ee5936fa2c'}, {'url': 'http://images.craigslist.org/thumb/3Lf3Ia3Ff5L25E25M3d5m1999ae62d4931f79.jpg', 'path': 'full/aa339d9e154f1b50e7abee4272b86e02d2dd9b73.jpg', 'checksum': 'b74a70b142427371aed6889f2a5738fc'}, {'url': 'http://images.craigslist.org/3Lc3Jc3H45Na5L35M9d5m1591c7a9ee901e9d.jpg', 'path': 'full/3cbaeb40cfff71f5afca4613c32e91bb5ae39fc0.jpg', 'checksum': 'f410951950e3542b859a9d8ad1c18d8e'}]","
		314-612-0032.  314-614-7434  half price appliance sale must seeSTOVES    FRIDGES  $$699.-$999.-$1199.......HALF PRICE OF STORES!!!!!!!!!!!!!!!!!!!!!!!!!!!!!!!!!!!!!!!!!
	","http://images.craigslist.org/thumb/3Lc3Jc3H45Na5L35M9d5m1591c7a9ee901e9d.jpg,http://images.craigslist.org/thumb/3Kc3M33F75L15Gc5Kfd5m10a65b0769d51d81.jpg,http://images.craigslist.org/thumb/3F93Ie3Ne5I35L85Ead5m56b26e96d9c6178f.jpg,http://images.craigslist.org/thumb/3K23Jf3He5Ne5K25H7d5mc101b898bd891c2e.jpg,http://images.craigslist.org/thumb/3K33Fc3Hb5If5K95Hed5m65bbc107db6f1bf1.jpg,http://images.craigslist.org/thumb/3Ld3M93H65N55F25J2d5m3385f7b0cb011180.jpg,http://images.craigslist.org/thumb/3E43Kb3L35N35La5F2d5m1be6404dd1501e8f.jpg,http://images.craigslist.org/thumb/3Lf3Ia3Ff5L25E25M3d5m1999ae62d4931f79.jpg,http://images.craigslist.org/3Lc3Jc3H45Na5L35M9d5m1591c7a9ee901e9d.jpg","
  ,
  50%%off ///SALE/*STAINLESS* REFRIDGES**FRENCH**DOORS***AND***STOVE'S   (NEW***L.G...AND SAMSUNG)
"
http://stlouis.craigslist.org/ppd/3770510047.html,"[{'url': 'http://images.craigslist.org/thumb/3Kb3Ga3L35Ea5Mb5Jad4ra77722a2c2f61d3f.jpg', 'path': 'full/507e58b56213f181f30348f9cc3ac5865ed2561e.jpg', 'checksum': 'f59ef1f4039f2ecfe8ce25f53a7d87ce'}, {'url': 'http://images.craigslist.org/thumb/3E33K93Jb5Ie5L35M1d4re3faa0f059021738.jpg', 'path': 'full/f46f8d0c3b1ac4b352447e7cf1bf0aedf7265995.jpg', 'checksum': 'df2eb32f62e35b9a496fa885db0d3b7c'}, {'url': 'http://images.craigslist.org/thumb/3K23M83H25L35G25K7d4rb07dd168ff1a112e.jpg', 'path': 'full/d9a8f6ef1639a7837c856ef03ca596d8839140f8.jpg', 'checksum': '008b8a0957f15df9a30c709ebe71c78a'}, {'url': 'http://images.craigslist.org/thumb/3F73I33H35K85Hf5J4d4rae5aa40272ef1d72.jpg', 'path': 'full/ea1f31deed42c773a1c50483fb480eebda0c804a.jpg', 'checksum': '14e9c680a9795c5d7dec28eb773beb5b'}, {'url': 'http://images.craigslist.org/thumb/3Ge3I73H15E85H45Mcd4r7b175b3b3562136a.jpg', 'path': 'full/298121a5d6fda965c1fe5ed84474f1b3e13c5b44.jpg', 'checksum': 'd6aa3d1cc6155e608aca358c3185e5a2'}, {'url': 'http://images.craigslist.org/thumb/3L13J73H85I95Lf5K8d4r57fc2bf3aed51d05.jpg', 'path': 'full/2b7d1abe89ac2f4eb44c44736d7124074bd02824.jpg', 'checksum': 'f2c5acdf4224b82de6df14391bbef2d7'}, {'url': 'http://images.craigslist.org/3Kb3Ga3L35Ea5Mb5Jad4ra77722a2c2f61d3f.jpg', 'path': 'full/90b066df6169a1f3aee6c56fa8215beba1c6c3f5.jpg', 'checksum': 'c7f4accb20dd8f2a05a7f534ad0acf37'}]","
		Side by side 499 to 690 french doors from 649 to 1100 yo 649 for 999 convection oven 5 burner gas or electric cabinet depth refrigerators viking suzie a row jane eyre lg samsung top brands for have money314-612-0032 314-440-8519%%%%
	","http://images.craigslist.org/thumb/3Kb3Ga3L35Ea5Mb5Jad4ra77722a2c2f61d3f.jpg,http://images.craigslist.org/thumb/3E33K93Jb5Ie5L35M1d4re3faa0f059021738.jpg,http://images.craigslist.org/thumb/3K23M83H25L35G25K7d4rb07dd168ff1a112e.jpg,http://images.craigslist.org/thumb/3F73I33H35K85Hf5J4d4rae5aa40272ef1d72.jpg,http://images.craigslist.org/thumb/3Ge3I73H15E85H45Mcd4r7b175b3b3562136a.jpg,http://images.craigslist.org/thumb/3L13J73H85I95Lf5K8d4r57fc2bf3aed51d05.jpg,http://images.craigslist.org/3Kb3Ga3L35Ea5Mb5Jad4ra77722a2c2f61d3f.jpg","
  ,
  Stainless Steel  Sale ¶¶¶¶¶¶¶ Appliances Brand New super half off sale (refrigerators stoves and dishwasher s)
"
http://stlouis.craigslist.org/ppd/3811833075.html,"[{'url': 'http://images.craigslist.org/thumb/3Fd3Id3Hf5Ge5F55H8d5h841e08ade1eb1558.jpg', 'path': 'full/49a3ae634447ce1d1ae770a6c2c99fc1daa16375.jpg', 'checksum': '22ae0b718f91ea6cc3df5637d2588edc'}, {'url': 'http://images.craigslist.org/thumb/3Me3Ic3Nc5L45Nf5H9d5ha2a2935ce8501ce4.jpg', 'path': 'full/9d5e237596f171c07f29d2367fa7b57b3e54ff80.jpg', 'checksum': 'd7a2663e0e2f05dc5f6532bf8e8acad7'}, {'url': 'http://images.craigslist.org/thumb/3Ic3F13L95Lb5E15H5d5hd699db6d24441f2d.jpg', 'path': 'full/05457bd30d64dbfcd69da75fa916230bd28d5e34.jpg', 'checksum': '3064009fe1bf117f0dee772b8631a47a'}, {'url': 'http://images.craigslist.org/thumb/3Ka3Fe3Mb5L85G85Ffd5hdd2f3424991c1c55.jpg', 'path': 'full/7bdbfe53e932c96a475e5af21d88e6419b293f5b.jpg', 'checksum': '7749bf3a9f3784132c60b4cdfb83eb9c'}, {'url': 'http://images.craigslist.org/thumb/3E33Ge3J45Nc5H55Mad5h5d8355cd25251020.jpg', 'path': 'full/8d59445bf080ce4965217c796617e5c4171b6965.jpg', 'checksum': '5b0e66f4c4c51250ee76a6e6e7e17672'}, {'url': 'http://images.craigslist.org/thumb/3Fa3Id3L25L85Eb5K9d5h37f695e0617c1757.jpg', 'path': 'full/12a83592883bed1c4849ea24f65b177baf6a191b.jpg', 'checksum': '7ef75d3ead5e3cbb7144ea376e1702f7'}, {'url': 'http://images.craigslist.org/thumb/3G93F23Ne5N25G25F2d5h8da567e2ffe411c4.jpg', 'path': 'full/ed4fa58a3b0654f4765009e0ae2be4fef3e3e179.jpg', 'checksum': '139343a5e0cf05f966d224f046e12c5d'}, {'url': 'http://images.craigslist.org/thumb/3F33Ib3J25L35F25H8d5h004fd9159abb1fc9.jpg', 'path': 'full/5ad26c969ef13b8c5fceb08c1b5ff16e3c63dc58.jpg', 'checksum': '9f9c294230dee41edeaf24080829f432'}, {'url': 'http://images.craigslist.org/3Fd3Id3Hf5Ge5F55H8d5h841e08ade1eb1558.jpg', 'path': 'full/b1e83fba7867e36d4cf9f8389dd6f3268e9e7aa2.jpg', 'checksum': '527e2853a9b335a02527306ea2189d0c'}]","
		Call or Text at 314-614-7434%%%% 10-7during the week and then on Sundays for appointments.   fridges  New $649-$1100.  Diswasher  s$ 249.-and up! $399.New is half price of anybody box store
	","http://images.craigslist.org/thumb/3Fd3Id3Hf5Ge5F55H8d5h841e08ade1eb1558.jpg,http://images.craigslist.org/thumb/3Me3Ic3Nc5L45Nf5H9d5ha2a2935ce8501ce4.jpg,http://images.craigslist.org/thumb/3Ic3F13L95Lb5E15H5d5hd699db6d24441f2d.jpg,http://images.craigslist.org/thumb/3Ka3Fe3Mb5L85G85Ffd5hdd2f3424991c1c55.jpg,http://images.craigslist.org/thumb/3E33Ge3J45Nc5H55Mad5h5d8355cd25251020.jpg,http://images.craigslist.org/thumb/3Fa3Id3L25L85Eb5K9d5h37f695e0617c1757.jpg,http://images.craigslist.org/thumb/3G93F23Ne5N25G25F2d5h8da567e2ffe411c4.jpg,http://images.craigslist.org/thumb/3F33Ib3J25L35F25H8d5h004fd9159abb1fc9.jpg,http://images.craigslist.org/3Fd3Id3Hf5Ge5F55H8d5h841e08ade1eb1558.jpg","
  ,
  ★★★★Attention★★★Appliance//Liquidation (☆☆☆Tons of Appliances for bottom dollar &a)
"
http://stlouis.craigslist.org/ppd/3796656190.html,"[{'url': 'http://images.craigslist.org/thumb/3Ec3N43H25Ka5H15Mbd5a116fa4240d511560.jpg', 'path': 'full/b405f0731078ac6280361ef9cdd4d7920a987db1.jpg', 'checksum': 'ad4bc3c02f669729b12c368cbcb2abf6'}, {'url': 'http://images.craigslist.org/thumb/3Ed3F93J15I35Nc5Hcd5aca83059b21a61877.jpg', 'path': 'full/e03d55863fa094bb140e93ed8200a1f792b2ca7c.jpg', 'checksum': 'a91fa1b72636bd62c302e90fd0f6fd42'}, {'url': 'http://images.craigslist.org/thumb/3Ed3Nf3Hc5I65L55G9d5ac601cc1fc80f120e.jpg', 'path': 'full/0ad472e4364534b48a75c6dbe236be4ae396da0d.jpg', 'checksum': '1b228ebcfc55b004cf0bc0fa8019c371'}, {'url': 'http://images.craigslist.org/thumb/3G63Ic3H75Ge5E35H4d5a5a9216a21b15149f.jpg', 'path': 'full/b01f22bba870d72da29cb8cb4de90ffc051abdb4.jpg', 'checksum': '7c89480ed869927dcc8555e0a27e2b3b'}, {'url': 'http://images.craigslist.org/3Ec3N43H25Ka5H15Mbd5a116fa4240d511560.jpg', 'path': 'full/683cf8e5c63716335927062b891eeda79787b77a.jpg', 'checksum': 'b6bc1e21dbf6209b6036d255feb6b9c0'}]","
		#call#+++++or text @#314-614-7434#$.699.-$979..   SAME ONES AT BEST BUY!!!!$1299.-$2598.----YOU DO THE MATH$$$$$
	","http://images.craigslist.org/thumb/3Ec3N43H25Ka5H15Mbd5a116fa4240d511560.jpg,http://images.craigslist.org/thumb/3Ed3F93J15I35Nc5Hcd5aca83059b21a61877.jpg,http://images.craigslist.org/thumb/3Ed3Nf3Hc5I65L55G9d5ac601cc1fc80f120e.jpg,http://images.craigslist.org/thumb/3G63Ic3H75Ge5E35H4d5a5a9216a21b15149f.jpg,http://images.craigslist.org/3Ec3N43H25Ka5H15Mbd5a116fa4240d511560.jpg","
  ,
  ALL BLACK APPLIANCES!!! **SALE**& **Stainless steel Sale On  *N*E*W* - $749 (5O*%%OFF  BUY WHOLESALE!!!)
"
http://stlouis.craigslist.org/ppd/3796611548.html,"[{'url': 'http://images.craigslist.org/thumb/3K13L83N75Le5M35J8d5afe87c86c7ba51f78.jpg', 'path': 'full/433396cfc5a7099a2528cd4a3b1da264aec168a9.jpg', 'checksum': '22ae0b718f91ea6cc3df5637d2588edc'}, {'url': 'http://images.craigslist.org/thumb/3Gc3Id3Hd5I85N65Fdd5a35c460886f6e16bd.jpg', 'path': 'full/93d56685d5b0673cbfb00bb258387540906d7fbc.jpg', 'checksum': 'd7a2663e0e2f05dc5f6532bf8e8acad7'}, {'url': 'http://images.craigslist.org/thumb/3Ee3N23H85N45E15Jed5ad5e0166c31df169d.jpg', 'path': 'full/4831ff90bc69d517e7b5f3430968e760a5a71589.jpg', 'checksum': '6a7bf07f785f7c5ddc512d8f2661f892'}, {'url': 'http://images.craigslist.org/thumb/3K43I93J75Lc5Gc5Jbd5a49fb3accd1e71ae9.jpg', 'path': 'full/1b4b36f0538d1b880f93f166e06abf5001e70ffb.jpg', 'checksum': '2c0f548fc76d03805c152759f701b8bb'}, {'url': 'http://images.craigslist.org/thumb/3K43G93F55E15F75H2d5a04d1de5ac0e31723.jpg', 'path': 'full/8d33ac6212cc3959139ba792305ad6a7e7ea3516.jpg', 'checksum': 'e3c6e56648765d844bfe3cf71b337152'}, {'url': 'http://images.craigslist.org/thumb/3Ga3Na3He5I95Lc5M1d5ae916243e42961701.jpg', 'path': 'full/bd4df7b33cdfa34b8d3de7a35229de7659e47210.jpg', 'checksum': '3064009fe1bf117f0dee772b8631a47a'}, {'url': 'http://images.craigslist.org/thumb/3Ge3F53J45N65Ec5Jfd5a34ec1d1e86081dcb.jpg', 'path': 'full/6ab43f307a570ddfc2fd599640c4d665dd469043.jpg', 'checksum': '7749bf3a9f3784132c60b4cdfb83eb9c'}, {'url': 'http://images.craigslist.org/thumb/3E43G83M25If5H85M7d5a342926ee1d451439.jpg', 'path': 'full/f8a672d4eb35a84c7bca30ff21a785e82df2dcf1.jpg', 'checksum': '5b0e66f4c4c51250ee76a6e6e7e17672'}, {'url': 'http://images.craigslist.org/3K13L83N75Le5M35J8d5afe87c86c7ba51f78.jpg', 'path': 'full/38aa96c9965f4ef50ed284755966b1941aca5d0e.jpg', 'checksum': '527e2853a9b335a02527306ea2189d0c'}]","
		Call or Text at 314-612-0032 for appointments.   fridges  New $749-$1100.  Diswasher  s$ 249.-and up! $399.New is half price of anybody box store
	","http://images.craigslist.org/thumb/3K13L83N75Le5M35J8d5afe87c86c7ba51f78.jpg,http://images.craigslist.org/thumb/3Gc3Id3Hd5I85N65Fdd5a35c460886f6e16bd.jpg,http://images.craigslist.org/thumb/3Ee3N23H85N45E15Jed5ad5e0166c31df169d.jpg,http://images.craigslist.org/thumb/3K43I93J75Lc5Gc5Jbd5a49fb3accd1e71ae9.jpg,http://images.craigslist.org/thumb/3K43G93F55E15F75H2d5a04d1de5ac0e31723.jpg,http://images.craigslist.org/thumb/3Ga3Na3He5I95Lc5M1d5ae916243e42961701.jpg,http://images.craigslist.org/thumb/3Ge3F53J45N65Ec5Jfd5a34ec1d1e86081dcb.jpg,http://images.craigslist.org/thumb/3E43G83M25If5H85M7d5a342926ee1d451439.jpg,http://images.craigslist.org/3K13L83N75Le5M35J8d5afe87c86c7ba51f78.jpg","
  ,
  ★★★///Attention//Appliance// Liquidation Slashing Prices  (★★★Tons of Appliances for bottom dollar pr)
"
http://stlouis.craigslist.org/ppd/3813148540.html,"[{'url': 'http://images.craigslist.org/thumb/3La3J53He5I25Gf5Fcd5i8fb801f1f16e12e7.jpg', 'path': 'full/22c876df7e6c643c18e5f6641169ac175e69da65.jpg', 'checksum': '3a20c5e79d343032b28587665517d25d'}, {'url': 'http://images.craigslist.org/thumb/3F73Mc3N85Nf5F85M1d5i4a53d1aceba41f0c.jpg', 'path': 'full/0a99a21f13ece0c952ce18ee96c75029088df8d7.jpg', 'checksum': '008b8a0957f15df9a30c709ebe71c78a'}, {'url': 'http://images.craigslist.org/thumb/3Ed3Ga3F55Ge5H15J1d5i74064e9047981599.jpg', 'path': 'full/8ffda6033c29f57afa1908c0044b6fa0b7c781a4.jpg', 'checksum': 'a6d9030fa0e2936a06ece780dc849ed0'}, {'url': 'http://images.craigslist.org/thumb/3Ie3Jc3Nd5Ne5Ec5F3d5i26839ad92571115e.jpg', 'path': 'full/c129c83700f4fa81d45ecd5a0cca772ea6bcb8b3.jpg', 'checksum': 'a0abca8492aac1133ed495709111f5f9'}, {'url': 'http://images.craigslist.org/3La3J53He5I25Gf5Fcd5i8fb801f1f16e12e7.jpg', 'path': 'full/9bd4c77453798b00b55e33aaffbe71ebc1b4ffee.jpg', 'checksum': '7fe00228e46bfe06ef5c7cbe4fc60624'}]","
		!!WHITE SAMSUNG   NEW ON SALE WITH US STARTING AT $699. AND UP@..314-612-0032 314-614-7434
	","http://images.craigslist.org/thumb/3La3J53He5I25Gf5Fcd5i8fb801f1f16e12e7.jpg,http://images.craigslist.org/thumb/3F73Mc3N85Nf5F85M1d5i4a53d1aceba41f0c.jpg,http://images.craigslist.org/thumb/3Ed3Ga3F55Ge5H15J1d5i74064e9047981599.jpg,http://images.craigslist.org/thumb/3Ie3Jc3Nd5Ne5Ec5F3d5i26839ad92571115e.jpg,http://images.craigslist.org/3La3J53He5I25Gf5Fcd5i8fb801f1f16e12e7.jpg","
  ,
  WHITE* SAMSUNG  3-DOORS .FRENCH...REFRIGERATORS....BRAND..NEW...LED (ICE AND WATER !!!!!!  )
"
http://stlouis.craigslist.org/ppd/3809021784.html,"[{'url': 'http://images.craigslist.org/thumb/3E73Lf3Hd5E55K25H8d5g3a6c58158dc2180f.jpg', 'path': 'full/feda0cace335bc604c4092baec53f2b00ebf5776.jpg', 'checksum': 'f576680779ac22229ddab8f92e6e8376'}, {'url': 'http://images.craigslist.org/thumb/3E23K83J95N75Eb5M4d5gc6cf08010cd21707.jpg', 'path': 'full/c779d9f56d25e7ee75f419e2e31f9e451e0ce07b.jpg', 'checksum': '212e9d4375b2ee0f4579ae9fc6f1d2fc'}, {'url': 'http://images.craigslist.org/thumb/3K33Ge3L55Ic5G25Had5g4070733340141bcd.jpg', 'path': 'full/289a08ab741c578e9173355ec44e53e8018bf412.jpg', 'checksum': 'e750afa7a2183218a9944c4dbf02d710'}, {'url': 'http://images.craigslist.org/thumb/3Eb3Kd3Jd5Na5Gd5K7d5g3f183d60d4b21fa5.jpg', 'path': 'full/b0352ac7631ffb58e408b7ee42e6e468b8bcaefa.jpg', 'checksum': '0586d7f12acc399a04736c115aa544a6'}, {'url': 'http://images.craigslist.org/thumb/3Eb3Kc3G95L85Ea5H5d5g40776af4a00d1d1a.jpg', 'path': 'full/42a98451f970d2fcd397dadc21c2f85530bc4dc0.jpg', 'checksum': 'dee6245fa878b7c0f3fda7ccf3a22cac'}, {'url': 'http://images.craigslist.org/thumb/3Id3N83Hd5Lc5G55E6d5g3ffff946f90f1e17.jpg', 'path': 'full/3aa5f8db57439427ed7b1122612bd1c16a2f20c8.jpg', 'checksum': '2d015e9ec5a7617913ab83f22401f1c7'}, {'url': 'http://images.craigslist.org/thumb/3G43M33J25I55N25E2d5gf2d58e17894a1936.jpg', 'path': 'full/7b891046d0a701010bb8e611469610852ce98d10.jpg', 'checksum': '47aca9026f192d9410cf78e1aa763547'}, {'url': 'http://images.craigslist.org/thumb/3Gb3Kb3Lc5Ga5H25M5d5gd4981aea1a201394.jpg', 'path': 'full/c54cd056784a1679f6e6a3a6a47656a7b4f2a65e.jpg', 'checksum': '0520de140aefc76acb1e30f012918fb7'}, {'url': 'http://images.craigslist.org/3E73Lf3Hd5E55K25H8d5g3a6c58158dc2180f.jpg', 'path': 'full/93ab41c6e435cc027262c2b164c11a4abdf151f3.jpg', 'checksum': 'b6f1f2ef2c5f7dbb6a5e8e1cbd9581bf'}]","
		No membership needed to get great deals on half price appliances top name brand LG Samsung GE 314-614-7434 or 314-612-0032 Used appliances 99 dollars in up! Brand new scratching  and carton damage Damages not noticeable! But 50 percent of the price If you like to save tons of money definitely check us out!
	","http://images.craigslist.org/thumb/3E73Lf3Hd5E55K25H8d5g3a6c58158dc2180f.jpg,http://images.craigslist.org/thumb/3E23K83J95N75Eb5M4d5gc6cf08010cd21707.jpg,http://images.craigslist.org/thumb/3K33Ge3L55Ic5G25Had5g4070733340141bcd.jpg,http://images.craigslist.org/thumb/3Eb3Kd3Jd5Na5Gd5K7d5g3f183d60d4b21fa5.jpg,http://images.craigslist.org/thumb/3Eb3Kc3G95L85Ea5H5d5g40776af4a00d1d1a.jpg,http://images.craigslist.org/thumb/3Id3N83Hd5Lc5G55E6d5g3ffff946f90f1e17.jpg,http://images.craigslist.org/thumb/3G43M33J25I55N25E2d5gf2d58e17894a1936.jpg,http://images.craigslist.org/thumb/3Gb3Kb3Lc5Ga5H25M5d5gd4981aea1a201394.jpg,http://images.craigslist.org/3E73Lf3Hd5E55K25H8d5g3a6c58158dc2180f.jpg","
  ,
  ¶¶¶¶¶Appliance Wholesalers¶¶¶ 50%OFF Now open to the public - $99 (Get whole Sale prices on new appliances )
"
http://stlouis.craigslist.org/ppd/3797368716.html,"[{'url': 'http://images.craigslist.org/thumb/3Kd3M53Nc5G45Fd5Hdd5a2a9eafe0bc94155b.jpg', 'path': 'full/c7fbf28e445e7f7088fdaeeacd3aaae8116c13fd.jpg', 'checksum': 'd4804a27b3b3a6d01706607ccd7b2330'}, {'url': 'http://images.craigslist.org/thumb/3K13M53H75La5E45Hbd5a58c07953c420138e.jpg', 'path': 'full/40c113a34120fc4e5c48013be00102227287ea57.jpg', 'checksum': '2372411a1065c5858f9ae52d71070ac5'}, {'url': 'http://images.craigslist.org/thumb/3Fb3L63H75K85Md5Jdd5aad6f5330e8b71f04.jpg', 'path': 'full/66e3ba7ee22b8501a607cccff4955d975c259c09.jpg', 'checksum': '1560e37247ce5e5f2db2dc976c37d153'}, {'url': 'http://images.craigslist.org/thumb/3E53G63K45N55E35F8d5a2b9acd02e01114f5.jpg', 'path': 'full/1801b39a73df605ecef7300c4d0ac8824612edad.jpg', 'checksum': '76932069378c945d853a3d5c88641816'}, {'url': 'http://images.craigslist.org/thumb/3G33Ib3L95N65F75H1d5af45c9cda8fb11e99.jpg', 'path': 'full/baf47097ef4100078ef235f1cb64de6af333d057.jpg', 'checksum': '6824e5c477f942fec37d07aca4bd7011'}, {'url': 'http://images.craigslist.org/3Kd3M53Nc5G45Fd5Hdd5a2a9eafe0bc94155b.jpg', 'path': 'full/aaebb4808caf68c7013d4f8d6fe39abefa49655d.jpg', 'checksum': '1ca2310ed9791514f035b7cd1e2865b7'}]","
		Let's see half price appliances with the warranty can deliver no brainer!!! cut out the middleman this is a full warehouse wholesale deal! dealers welcome by direct Samsung appliances St Charles  oFallon St Peter St Louis Wildwood Clayton best of the best for Missouri in the Midwest!314-612-0032 washer front loaders and t! top of the line refrigerator starting at $699 side by side and 3 door French doors super deals and up! top loaders high efficiency starting at 399 and up stuff.org dishwasher you name it we have it all microwave above the range!
	","http://images.craigslist.org/thumb/3Kd3M53Nc5G45Fd5Hdd5a2a9eafe0bc94155b.jpg,http://images.craigslist.org/thumb/3K13M53H75La5E45Hbd5a58c07953c420138e.jpg,http://images.craigslist.org/thumb/3Fb3L63H75K85Md5Jdd5aad6f5330e8b71f04.jpg,http://images.craigslist.org/thumb/3E53G63K45N55E35F8d5a2b9acd02e01114f5.jpg,http://images.craigslist.org/thumb/3G33Ib3L95N65F75H1d5af45c9cda8fb11e99.jpg,http://images.craigslist.org/3Kd3M53Nc5G45Fd5Hdd5a2a9eafe0bc94155b.jpg","
  ,
  ¶¶¶¶¶Warehouse Sale!!! New¶¶¶¶   New Samsung Appliances half off - $1 (Save a buck with us! we deliver!)
"
http://stlouis.craigslist.org/ppd/3811157614.html,"[{'url': 'http://images.craigslist.org/thumb/3Jf3N63He5N15F75Mdd5hdae471f2374e1340.jpg', 'path': 'full/1b001445164334889d3bd8dc4d7e5ed4810aba0d.jpg', 'checksum': '552966e3d2b44b675d2799528c825f04'}, {'url': 'http://images.craigslist.org/thumb/3G93F43N35Nf5G15K5d5h12b0348fb8bd1547.jpg', 'path': 'full/cde19dcf65bbfde5fd4e65aabe4370b778068421.jpg', 'checksum': 'fd030dc43b082f5de5ed85d517592a36'}, {'url': 'http://images.craigslist.org/thumb/3E93L43M95Ia5K25Mdd5h3617d787b61c1ff9.jpg', 'path': 'full/295aedfec8752f059f76aae82023ca94e267bcac.jpg', 'checksum': 'a0238c34741c1f3cacfa3921dd9dc267'}, {'url': 'http://images.craigslist.org/thumb/3G13I13J95I75E45J9d5h4652f65dbf1c15d5.jpg', 'path': 'full/0658ac791f37bbdeb1d4c56d30c6543ef87f626e.jpg', 'checksum': '61454cf2f3f52436515ceff8a9466a8d'}, {'url': 'http://images.craigslist.org/thumb/3G63Jd3H85I65Nc5Kad5hcfc0087979de180a.jpg', 'path': 'full/9e421dd44aedac7f457aec46b396141d8b7f19ab.jpg', 'checksum': '4d3ab72575329c53baaae1bce800afde'}, {'url': 'http://images.craigslist.org/thumb/3Ge3M93H15Nd5Ff5J6d5hd4317e3bab381a2d.jpg', 'path': 'full/20c0046add89d32ff942d0389445018f455cd82a.jpg', 'checksum': '1b228ebcfc55b004cf0bc0fa8019c371'}, {'url': 'http://images.craigslist.org/thumb/3Ed3Ld3H75L25G75Kdd5he5c6115e421f1c71.jpg', 'path': 'full/d8ecc83cb489324774b6046dbc423e93d5c59560.jpg', 'checksum': '82a8291a0c290fa60a7fea5e27a3639d'}, {'url': 'http://images.craigslist.org/thumb/3K13Id3Nc5N85Me5Jdd5hb96eb891d4821263.jpg', 'path': 'full/8f7f80bb1b3fe38331eed7b62b4c5d2b357887b5.jpg', 'checksum': 'f527a254d909a0529af63f8ce8ca21c8'}, {'url': 'http://images.craigslist.org/3Jf3N63He5N15F75Mdd5hdae471f2374e1340.jpg', 'path': 'full/b1abb42d6ec8776dae0c54b2b489ad855f5558ce.jpg', 'checksum': '43b06a07d9531c5942e0e23296d47354'}]","
		314-614-7434..text or call best deals in Saint Louis and Saint Charles..314-440-8519%$$$$$699. S!!AND UP!WAY CHEAPER THEN THE BIG STORE
	","http://images.craigslist.org/thumb/3Jf3N63He5N15F75Mdd5hdae471f2374e1340.jpg,http://images.craigslist.org/thumb/3G93F43N35Nf5G15K5d5h12b0348fb8bd1547.jpg,http://images.craigslist.org/thumb/3E93L43M95Ia5K25Mdd5h3617d787b61c1ff9.jpg,http://images.craigslist.org/thumb/3G13I13J95I75E45J9d5h4652f65dbf1c15d5.jpg,http://images.craigslist.org/thumb/3G63Jd3H85I65Nc5Kad5hcfc0087979de180a.jpg,http://images.craigslist.org/thumb/3Ge3M93H15Nd5Ff5J6d5hd4317e3bab381a2d.jpg,http://images.craigslist.org/thumb/3Ed3Ld3H75L25G75Kdd5he5c6115e421f1c71.jpg,http://images.craigslist.org/thumb/3K13Id3Nc5N85Me5Jdd5hb96eb891d4821263.jpg,http://images.craigslist.org/3Jf3N63He5N15F75Mdd5hdae471f2374e1340.jpg","
  ,
  ★★★NEED BRAND NEW APPLIANCES???  @T  CHEAP PRICES!!!!! (★★BLOWOUT  SALE  WILL NOT LAST LONG!!!)
"
http://stlouis.craigslist.org/ppd/3808560401.html,"[{'url': 'http://images.craigslist.org/thumb/3L63Jf3Hb5N35Eb5Mfd5g64c726f25aae1c88.jpg', 'path': 'full/8afc18ecaba29e587aeaaddb4cff062efee0b824.jpg', 'checksum': '22ae0b718f91ea6cc3df5637d2588edc'}, {'url': 'http://images.craigslist.org/thumb/3Kf3Ff3L45Nc5E65Mcd5g7922a1d76e821e53.jpg', 'path': 'full/b3b42ba0f71668e73b92d425d4a52938594a93e0.jpg', 'checksum': 'd7a2663e0e2f05dc5f6532bf8e8acad7'}, {'url': 'http://images.craigslist.org/thumb/3G83Id3J85Ec5Hb5Jbd5g126b232acd251f23.jpg', 'path': 'full/4c6529ba0bcc8553831c66ee6a5c79d7264b9343.jpg', 'checksum': '3064009fe1bf117f0dee772b8631a47a'}, {'url': 'http://images.craigslist.org/thumb/3Gf3M83I95E65H45Jfd5ga28538af4f801ad7.jpg', 'path': 'full/874f2de9a83b7358a96bc75db393529197bf0f69.jpg', 'checksum': '7749bf3a9f3784132c60b4cdfb83eb9c'}, {'url': 'http://images.craigslist.org/thumb/3Ge3F83N75I15Ld5M2d5gf164ffa15b6f13d7.jpg', 'path': 'full/2e2bdca1d01a05a15c29f9dbf95c70371cc27cff.jpg', 'checksum': '5b0e66f4c4c51250ee76a6e6e7e17672'}, {'url': 'http://images.craigslist.org/thumb/3E83G43J55L95Kb5J7d5g3a31df1f68f31d1c.jpg', 'path': 'full/6f0ab9556075be11da22feca71225e7662729cbb.jpg', 'checksum': '7ef75d3ead5e3cbb7144ea376e1702f7'}, {'url': 'http://images.craigslist.org/thumb/3K93Ga3H95Nd5Ie5H1d5gce079c639d6819a3.jpg', 'path': 'full/9cbf86dc5220d9797929da51d01d433bdb727b31.jpg', 'checksum': '139343a5e0cf05f966d224f046e12c5d'}, {'url': 'http://images.craigslist.org/thumb/3Ea3G73K85I85E55Jcd5gb1f29b305807135d.jpg', 'path': 'full/99b13061081940e59477fb17244129e98e5ab23e.jpg', 'checksum': '9f9c294230dee41edeaf24080829f432'}, {'url': 'http://images.craigslist.org/3L63Jf3Hb5N35Eb5Mfd5g64c726f25aae1c88.jpg', 'path': 'full/65b88de6ba076ec030f729d29e42be1d054d6b48.jpg', 'checksum': '527e2853a9b335a02527306ea2189d0c'}]","
		Call or Text at 314-614-7434%%%% 10-7during the week and then on Sundays for appointments.   fridges  New $649-$1100.  Diswasher  s$ 249.-and up! $399.New is half price of anybody box store
	","http://images.craigslist.org/thumb/3L63Jf3Hb5N35Eb5Mfd5g64c726f25aae1c88.jpg,http://images.craigslist.org/thumb/3Kf3Ff3L45Nc5E65Mcd5g7922a1d76e821e53.jpg,http://images.craigslist.org/thumb/3G83Id3J85Ec5Hb5Jbd5g126b232acd251f23.jpg,http://images.craigslist.org/thumb/3Gf3M83I95E65H45Jfd5ga28538af4f801ad7.jpg,http://images.craigslist.org/thumb/3Ge3F83N75I15Ld5M2d5gf164ffa15b6f13d7.jpg,http://images.craigslist.org/thumb/3E83G43J55L95Kb5J7d5g3a31df1f68f31d1c.jpg,http://images.craigslist.org/thumb/3K93Ga3H95Nd5Ie5H1d5gce079c639d6819a3.jpg,http://images.craigslist.org/thumb/3Ea3G73K85I85E55Jcd5gb1f29b305807135d.jpg,http://images.craigslist.org/3L63Jf3Hb5N35Eb5Mfd5g64c726f25aae1c88.jpg","
  ,
  ★★★★Attention★★★Appliance//Liquidation (☆☆☆Tons of Appliances for bottom dollar &a)
"
http://stlouis.craigslist.org/ppd/3811504144.html,"[{'url': 'http://images.craigslist.org/thumb/3Me3Fe3H65K65H45Mfd5h86c2471165c315f3.jpg', 'path': 'full/5ec5d04d78a585208b100678bd35b27b8ed0e086.jpg', 'checksum': '552966e3d2b44b675d2799528c825f04'}, {'url': 'http://images.craigslist.org/thumb/3G33K73Jd5Na5G35Jcd5h6bd885c3937716b1.jpg', 'path': 'full/c9a298e66588c164755b4a063410176c03de101c.jpg', 'checksum': 'fd030dc43b082f5de5ed85d517592a36'}, {'url': 'http://images.craigslist.org/thumb/3Fe3N23Hf5La5K75Jad5ha9ff884ebc5f1bf8.jpg', 'path': 'full/2bd55c79336abb354f4376a157b54ae2c45d7e1f.jpg', 'checksum': 'a0238c34741c1f3cacfa3921dd9dc267'}, {'url': 'http://images.craigslist.org/thumb/3K33Ia3M75N85G85Ked5he085d769d59f18c6.jpg', 'path': 'full/dc1bca3e18e3fa6ad7b6f80f01f72be6e354429b.jpg', 'checksum': '61454cf2f3f52436515ceff8a9466a8d'}, {'url': 'http://images.craigslist.org/thumb/3Ee3L73Jf5Gb5Kc5F9d5habaf758b7171157d.jpg', 'path': 'full/ba2ed8bfe387f10eccaccdf9b385275a7da7f9db.jpg', 'checksum': '4d3ab72575329c53baaae1bce800afde'}, {'url': 'http://images.craigslist.org/thumb/3Fb3M13Hc5N55F55M3d5h33db499a2a0817ab.jpg', 'path': 'full/bb4bc5248d8f003246178e10986fa098be92dffc.jpg', 'checksum': '1b228ebcfc55b004cf0bc0fa8019c371'}, {'url': 'http://images.craigslist.org/thumb/3Fc3Jd3N65L75Hd5M5d5h59e898f39c4d106f.jpg', 'path': 'full/527c359130a2846078bde0327e7c0198a673324c.jpg', 'checksum': '82a8291a0c290fa60a7fea5e27a3639d'}, {'url': 'http://images.craigslist.org/thumb/3Ee3G33L25I85G65E8d5h15576bd096ae10f9.jpg', 'path': 'full/e4af96f10b04eec0e4f2e2bf7b7b5ef0cb23b564.jpg', 'checksum': 'f527a254d909a0529af63f8ce8ca21c8'}, {'url': 'http://images.craigslist.org/3Me3Fe3H65K65H45Mfd5h86c2471165c315f3.jpg', 'path': 'full/41d21c042ebcc27ab17f6b156ed620ce58caee41.jpg', 'checksum': '43b06a07d9531c5942e0e23296d47354'}]","
		314-614-7434..text or call best deals in Saint Louis and Saint Charles..314-440-8519%$$$$$699. S!!AND UP!WAY CHEAPER THEN THE BIG STORE
	","http://images.craigslist.org/thumb/3Me3Fe3H65K65H45Mfd5h86c2471165c315f3.jpg,http://images.craigslist.org/thumb/3G33K73Jd5Na5G35Jcd5h6bd885c3937716b1.jpg,http://images.craigslist.org/thumb/3Fe3N23Hf5La5K75Jad5ha9ff884ebc5f1bf8.jpg,http://images.craigslist.org/thumb/3K33Ia3M75N85G85Ked5he085d769d59f18c6.jpg,http://images.craigslist.org/thumb/3Ee3L73Jf5Gb5Kc5F9d5habaf758b7171157d.jpg,http://images.craigslist.org/thumb/3Fb3M13Hc5N55F55M3d5h33db499a2a0817ab.jpg,http://images.craigslist.org/thumb/3Fc3Jd3N65L75Hd5M5d5h59e898f39c4d106f.jpg,http://images.craigslist.org/thumb/3Ee3G33L25I85G65E8d5h15576bd096ae10f9.jpg,http://images.craigslist.org/3Me3Fe3H65K65H45Mfd5h86c2471165c315f3.jpg","
  ,
  NEED BRAND NEW APPLIANCES???  @T  CHEAP PRICES!!!!! (BLOWOUT  SALE  WILL NOT LAST LONG!!!)
"
http://stlouis.craigslist.org/ppd/3807655714.html,"[{'url': 'http://images.craigslist.org/thumb/3Ee3J83N75L55K95J8d5f048bcf46586d1994.jpg', 'path': 'full/27b151e6dd2215a23ba95217edd49cbb0e97bfaf.jpg', 'checksum': '552966e3d2b44b675d2799528c825f04'}, {'url': 'http://images.craigslist.org/thumb/3Fc3Ie3Lb5N85H35Mdd5fd9629c9bc8bf12ad.jpg', 'path': 'full/732a4d79ed2200bfba1f7f838bd74dcd2a726c3d.jpg', 'checksum': '365d074cd19dd0c6e5385dcddfd1fb1f'}, {'url': 'http://images.craigslist.org/thumb/3G13F63L25Id5Ef5J2d5f30e656e858a210fe.jpg', 'path': 'full/33186dde026cefbe7a3900ea68e9a4b09e2a6849.jpg', 'checksum': 'fd030dc43b082f5de5ed85d517592a36'}, {'url': 'http://images.craigslist.org/thumb/3E53Ff3I25L35E35Jad5f714aba1e6c16100b.jpg', 'path': 'full/f6f48ca654101b14c3c007a9bbc0068156780a7e.jpg', 'checksum': 'a0238c34741c1f3cacfa3921dd9dc267'}, {'url': 'http://images.craigslist.org/thumb/3G93Ib3Ha5L35K85Jfd5f780c947d3528108e.jpg', 'path': 'full/3f8d92b408a80196f2d2a1d26b00102bf1b50efe.jpg', 'checksum': '61454cf2f3f52436515ceff8a9466a8d'}, {'url': 'http://images.craigslist.org/3Ee3J83N75L55K95J8d5f048bcf46586d1994.jpg', 'path': 'full/bb83369919c4233c51d78f1a51bb8dad93d47018.jpg', 'checksum': '43b06a07d9531c5942e0e23296d47354'}]","
		314-614-7434..text or call best deals in Saint Louis and Saint Charles..314-440-8519%$$$$$699. S!!AND UP!WAY CHEAPER THEN THE BIG STORE
	","http://images.craigslist.org/thumb/3Ee3J83N75L55K95J8d5f048bcf46586d1994.jpg,http://images.craigslist.org/thumb/3Fc3Ie3Lb5N85H35Mdd5fd9629c9bc8bf12ad.jpg,http://images.craigslist.org/thumb/3G13F63L25Id5Ef5J2d5f30e656e858a210fe.jpg,http://images.craigslist.org/thumb/3E53Ff3I25L35E35Jad5f714aba1e6c16100b.jpg,http://images.craigslist.org/thumb/3G93Ib3Ha5L35K85Jfd5f780c947d3528108e.jpg,http://images.craigslist.org/3Ee3J83N75L55K95J8d5f048bcf46586d1994.jpg","
  ,
  NEED BRAND NEW APPLIANCES???  @T  CHEAP PRICES!!!!! (BLOWOUT  SALE  WILL NOT LAST LONG!!!)
"
http://stlouis.craigslist.org/ppd/3813158207.html,"[{'url': 'http://images.craigslist.org/thumb/3I33L63Nc5Na5H95M7d5i615bd31b237c104c.jpg', 'path': 'full/92a7646a20aa2371ca7b4c89129607eddcd5c3d0.jpg', 'checksum': '55a3059381f384040894616c4378dd3f'}, {'url': 'http://images.craigslist.org/thumb/3M13Fd3N95N35I35Kad5if4e89e04c6ec12b9.jpg', 'path': 'full/e831cf1a43fb319bfa52226806bdb1fdaf0f2fb6.jpg', 'checksum': '40421cba025560edc2432b5858761e76'}, {'url': 'http://images.craigslist.org/thumb/3Kd3L33F25I25K55J3d5iaadeac7ae0e315c0.jpg', 'path': 'full/2cd17cdbe4f64f111b6fe46a655d26c1b6c9df14.jpg', 'checksum': 'f1d484ec7859a14f784273937625ed32'}, {'url': 'http://images.craigslist.org/thumb/3Lc3I33H25If5Nb5F3d5ie33e763464881022.jpg', 'path': 'full/cc434b30816043aa128a99f5a8071f34e456d4bb.jpg', 'checksum': 'a19c8c35880fa9c7ffc2672d1ff2b54c'}, {'url': 'http://images.craigslist.org/thumb/3Ea3M53H65Ic5N85J9d5i7886c23d5ecd1485.jpg', 'path': 'full/1345aa28f9d19faf99f561831fdfe44820659ac5.jpg', 'checksum': '6ed64672250338abe397efda1e7ab05b'}, {'url': 'http://images.craigslist.org/thumb/3M13N93Hc5G45E75M2d5i9b6f5ccb6ed316f3.jpg', 'path': 'full/465d020c6dadbabe2b3c681c8f9b3dd8c561f648.jpg', 'checksum': '3a2046f8442d20b916c3e9fd65f54bd3'}, {'url': 'http://images.craigslist.org/thumb/3K73Me3L25L65Eb5K1d5i31bac4c95f851476.jpg', 'path': 'full/3cc6f76d094d903b62779409f30a557d7766b6d5.jpg', 'checksum': 'b8c319830ac05642f9caa9dfe0eab3e0'}, {'url': 'http://images.craigslist.org/thumb/3M23Jf3Hf5K35Fb5Mfd5i31cf9ae39944150f.jpg', 'path': 'full/332c6e3be16828358f7c33ad28041b5508195610.jpg', 'checksum': 'd3fc1001ea2520f91c3f5b34dc771178'}, {'url': 'http://images.craigslist.org/3I33L63Nc5Na5H95M7d5i615bd31b237c104c.jpg', 'path': 'full/1f0031eadbe68011574c2c9c9e82c5aeaae8bd10.jpg', 'checksum': '7c71feedb9787adea9fba8a35297cb36'}]","
		314  614-7434****    314-667-5661   ********    text or call~~*******314-440-8519~~WHY PAY MORE AT BIG STORE's     BUY WHOLESALE  WARE HOUSE!!!!SAVE!!!BIG TIME!!!BEST BUY**HOME DEPO  SEARS  ***WE BLOW THEM A WAY***50%% 75%%%OFF ALL BIG GUYS!!!            SAVE A BUCK $1    OUR PRICES!!~~~GET A FRIDGE FOR $597=====$1100.                                                                                                                     SAME FRIDGES ARE IN STORES FOR $2000.=$2699.WAY TO MUCH!!!
	","http://images.craigslist.org/thumb/3I33L63Nc5Na5H95M7d5i615bd31b237c104c.jpg,http://images.craigslist.org/thumb/3M13Fd3N95N35I35Kad5if4e89e04c6ec12b9.jpg,http://images.craigslist.org/thumb/3Kd3L33F25I25K55J3d5iaadeac7ae0e315c0.jpg,http://images.craigslist.org/thumb/3Lc3I33H25If5Nb5F3d5ie33e763464881022.jpg,http://images.craigslist.org/thumb/3Ea3M53H65Ic5N85J9d5i7886c23d5ecd1485.jpg,http://images.craigslist.org/thumb/3M13N93Hc5G45E75M2d5i9b6f5ccb6ed316f3.jpg,http://images.craigslist.org/thumb/3K73Me3L25L65Eb5K1d5i31bac4c95f851476.jpg,http://images.craigslist.org/thumb/3M23Jf3Hf5K35Fb5Mfd5i31cf9ae39944150f.jpg,http://images.craigslist.org/3I33L63Nc5Na5H95M7d5i615bd31b237c104c.jpg","
  ,
  {{{{{STAINLESS STEEL}}}}ALL ON *SALE* - $1 (★★★SUPER BUY  50%%75%%OFF)
"
http://stlouis.craigslist.org/ppd/3812957148.html,"[{'url': 'http://images.craigslist.org/thumb/3Kb3I93M65If5H65M5d5ia712b9e22e8a1455.jpg', 'path': 'full/e8dc4b7f65609fbc29bce19d9ab28f2a2ec5c946.jpg', 'checksum': 'ad052ea253e753a9ea32794b5e0a47f6'}, {'url': 'http://images.craigslist.org/thumb/3Kd3La3M25Lf5N15K6d5ia8c9a5a91a711180.jpg', 'path': 'full/3ef0b26ddf6ce99085792b5f767be23c59cb89c3.jpg', 'checksum': '5a52f6436a5a9b4eba19f2eceb1e9be5'}, {'url': 'http://images.craigslist.org/thumb/3K63F93N45N35Jc5Mcd5i6db69fc0c16f1036.jpg', 'path': 'full/744310eecafbb75d7e8c66656368dc237b95a98f.jpg', 'checksum': 'e923953c3262f468f8b24a9c308e3dec'}, {'url': 'http://images.craigslist.org/thumb/3E13Jd3Ha5L45E75J7d5i04137e96a7381900.jpg', 'path': 'full/647b49f84ac7d3be8ab745ae9bb84b74b39ead46.jpg', 'checksum': '49496060db8590884a4071d3c61ac7a5'}, {'url': 'http://images.craigslist.org/thumb/3F83J53Hf5N65E35Ffd5i60cee37f37ca11bc.jpg', 'path': 'full/27e43fbaea26d437dda7bf8a27ec1fad6cc6c1c9.jpg', 'checksum': '336f6704c852ad1e24a59d99934401fc'}, {'url': 'http://images.craigslist.org/thumb/3Ef3L83F45I55K25H4d5i5d36b80695e0109a.jpg', 'path': 'full/5dd89c1b92985cd0626609da3e000c082a5e55f2.jpg', 'checksum': '5f404f743c19c82e5c4f85638941f70d'}, {'url': 'http://images.craigslist.org/3Kb3I93M65If5H65M5d5ia712b9e22e8a1455.jpg', 'path': 'full/fe27ba6727c0f34bf4d7f5b6c3e76ae782ca06cc.jpg', 'checksum': 'b3c00fb2534c5aaa0307902b57783ef8'}]","
		698.AND UP!!$1099.*****CALL ABOUT ARE BIG WAREHOUSE SALE!!!!!!!!!!!!* 314-440-8519***text or call**  STL AND  ST CHARLES  WE DROP OFF TOO!!!
	","http://images.craigslist.org/thumb/3Kb3I93M65If5H65M5d5ia712b9e22e8a1455.jpg,http://images.craigslist.org/thumb/3Kd3La3M25Lf5N15K6d5ia8c9a5a91a711180.jpg,http://images.craigslist.org/thumb/3K63F93N45N35Jc5Mcd5i6db69fc0c16f1036.jpg,http://images.craigslist.org/thumb/3E13Jd3Ha5L45E75J7d5i04137e96a7381900.jpg,http://images.craigslist.org/thumb/3F83J53Hf5N65E35Ffd5i60cee37f37ca11bc.jpg,http://images.craigslist.org/thumb/3Ef3L83F45I55K25H4d5i5d36b80695e0109a.jpg,http://images.craigslist.org/3Kb3I93M65If5H65M5d5ia712b9e22e8a1455.jpg","
  ,
  PAY HALF THE MONEY$$  FOR  BRAND NEW REFRGERATORS   FRENCH  DOOR   - $699 (STAINLESS***WHITE**BLACK***)
"
http://stlouis.craigslist.org/ppd/3785810488.html,"[{'url': 'http://images.craigslist.org/thumb/3Eb3G33I35G75Ha5J8d55b548b6c5c16d12f8.jpg', 'path': 'full/97eb691a9ee4cbd43879c8c9a33951b446cc0644.jpg', 'checksum': '2542098043842eedee29f73892b9a9aa'}, {'url': 'http://images.craigslist.org/thumb/3K53L53F15I45E55Mbd55469515fb61371bc5.jpg', 'path': 'full/bce783efa11203ddcddbf54a08675456126a1cdc.jpg', 'checksum': 'a1f235f44a97500c1bc8a33ee23d99af'}, {'url': 'http://images.craigslist.org/thumb/3Fb3Md3J95N65Ka5Jbd5579fbab92547614db.jpg', 'path': 'full/2367548332eab2b751ec81b25d12684454971928.jpg', 'checksum': '28cee99fd51d55fa437089b97f3e4c60'}, {'url': 'http://images.craigslist.org/thumb/3I23L73M65Nf5I95Gdd5587b96e10631c1ec8.jpg', 'path': 'full/d5a6c7ec0b00c90feecabd5d2906f48262234d9d.jpg', 'checksum': '8350005320dc6792d5e9ba90d545c6b0'}, {'url': 'http://images.craigslist.org/thumb/3F23M53Ia5I95Kb5J6d5500c4cb912a4f16e0.jpg', 'path': 'full/9d44b4c847b58c9256c359ef4ce53c0625c1ad61.jpg', 'checksum': 'ccaabb4bd7f19d5122930be8a8f2dacc'}, {'url': 'http://images.craigslist.org/thumb/3I73Jf3N15G75M95Jad558b78063dedd11753.jpg', 'path': 'full/16e293e5a135457faaa39ffa3933edeb75960b0d.jpg', 'checksum': '69aebc0838ea68e0900d13f6682f12d1'}, {'url': 'http://images.craigslist.org/thumb/3G63M93Jb5N85E45Fed55c2f73c8aea5e14a2.jpg', 'path': 'full/bd113fd29a961f9f47c14434514161e6e9fe5b63.jpg', 'checksum': '1c73da2df905b91797762c3014630f7c'}, {'url': 'http://images.craigslist.org/thumb/3E83G73Ne5N15G85Fad559bf7c6c7e8c71499.jpg', 'path': 'full/988fa43e33eb4a8bc8be5bb5b82e8b85814a6019.jpg', 'checksum': 'bbe3ffeba98417f87174b8b0f7a2d770'}, {'url': 'http://images.craigslist.org/3Eb3G33I35G75Ha5J8d55b548b6c5c16d12f8.jpg', 'path': 'full/36dbe6b0682b5c90e1a93dbf1a3b802522870cc6.jpg', 'checksum': '9af540bdcaeee025c224578951d29d06'}]","
		WE HAVE THEM ALL IN STOCK IN OUR LARGE WAREHOUSE,WIDE SELECTION.,
TOP MOUNTS (BRAND NEW)ONLY $399.00----$699.00 SIDE BY SIDES ,3 OR 4 DOOR FRENCH FROM $750.--&--Up!,
RANGES ,FROM $ 499.00 & UP ,GAS FROM $800.----DISH-WASHERS FROM $399.00 ,
FRONT LOADERS $499.00 EACH ///TOP LOADERS $499.00,
OPEN MON. ---SUNDAY 10:00 A.M. TIL 7:00 P.M.,
CALL US AT 314-612-0032 WE DO DELIVER TOO.,
Location: &UP !!TOP MOUNTS,SIDE BY SIDES,FRENCH
	","http://images.craigslist.org/thumb/3Eb3G33I35G75Ha5J8d55b548b6c5c16d12f8.jpg,http://images.craigslist.org/thumb/3K53L53F15I45E55Mbd55469515fb61371bc5.jpg,http://images.craigslist.org/thumb/3Fb3Md3J95N65Ka5Jbd5579fbab92547614db.jpg,http://images.craigslist.org/thumb/3I23L73M65Nf5I95Gdd5587b96e10631c1ec8.jpg,http://images.craigslist.org/thumb/3F23M53Ia5I95Kb5J6d5500c4cb912a4f16e0.jpg,http://images.craigslist.org/thumb/3I73Jf3N15G75M95Jad558b78063dedd11753.jpg,http://images.craigslist.org/thumb/3G63M93Jb5N85E45Fed55c2f73c8aea5e14a2.jpg,http://images.craigslist.org/thumb/3E83G73Ne5N15G85Fad559bf7c6c7e8c71499.jpg,http://images.craigslist.org/3Eb3G33I35G75Ha5J8d55b548b6c5c16d12f8.jpg","
  ,
  SAMSUNG IS CUTTING EVEN MORE,BRAND-NEW @PPLIANCES--->> - $399 (&Up!Top Mount,Side By Sides,French-Doors)
"
http://stlouis.craigslist.org/ppd/3811697765.html,"[{'url': 'http://images.craigslist.org/thumb/3E43K73Ib5Lc5G75M1d5h795cc06145a2164a.jpg', 'path': 'full/cb46f5519ca00811846103821c705a4f2b8dd632.jpg', 'checksum': 'f576680779ac22229ddab8f92e6e8376'}, {'url': 'http://images.craigslist.org/thumb/3E33Ic3M65N25Kd5H2d5hf01449431b3214af.jpg', 'path': 'full/1a6817ff7603f251d88cbed0b8fa0510e95f6020.jpg', 'checksum': '212e9d4375b2ee0f4579ae9fc6f1d2fc'}, {'url': 'http://images.craigslist.org/thumb/3E13N83Hd5Ne5K45H9d5heebe51016c9619b0.jpg', 'path': 'full/36098e0ca67d462322ea88526f51e9bbd446c3ff.jpg', 'checksum': 'e750afa7a2183218a9944c4dbf02d710'}, {'url': 'http://images.craigslist.org/thumb/3E83K93F65Lb5J85Mbd5ha524e9593af31f8f.jpg', 'path': 'full/5570878cd7ae2ea0771377cf91c4e5c72d6c2fa7.jpg', 'checksum': '0586d7f12acc399a04736c115aa544a6'}, {'url': 'http://images.craigslist.org/thumb/3Lf3F83I95N25G25J3d5h6c736a4ec52210df.jpg', 'path': 'full/d8c883d8a8cb9875abf3e568f574833e7101020c.jpg', 'checksum': 'dee6245fa878b7c0f3fda7ccf3a22cac'}, {'url': 'http://images.craigslist.org/thumb/3E83G73J25E75Kf5M2d5ha009ea7972521c8a.jpg', 'path': 'full/0ace9290f1c11050de0399930d1a14e1cb43a799.jpg', 'checksum': '2d015e9ec5a7617913ab83f22401f1c7'}, {'url': 'http://images.craigslist.org/thumb/3Eb3L33F35G15E65J9d5h44afdc064a9b1080.jpg', 'path': 'full/558ce10ff6328d7b0404019da791fc3521703f87.jpg', 'checksum': '42cf8e0b3c033304d031c743fcbd4f8c'}, {'url': 'http://images.craigslist.org/thumb/3L63Ja3H95I25E95Hbd5h4b56a78a312a1749.jpg', 'path': 'full/a6899418b79a90783430d771019f5f360c0f2695.jpg', 'checksum': '0520de140aefc76acb1e30f012918fb7'}, {'url': 'http://images.craigslist.org/3E43K73Ib5Lc5G75M1d5h795cc06145a2164a.jpg', 'path': 'full/8bf413cb5f0fb772282b71133fd4b01b63cf0bea.jpg', 'checksum': 'b6f1f2ef2c5f7dbb6a5e8e1cbd9581bf'}]","
		No membership needed to get great deals on half price appliances top name brand LG Samsung GE 314-612-0032 Used appliances 99 dollars in up! Brand new scratching  and carton damage Damages not noticeable! But 50 percent of the price If you like to save tons of money definitely check us out!
	","http://images.craigslist.org/thumb/3E43K73Ib5Lc5G75M1d5h795cc06145a2164a.jpg,http://images.craigslist.org/thumb/3E33Ic3M65N25Kd5H2d5hf01449431b3214af.jpg,http://images.craigslist.org/thumb/3E13N83Hd5Ne5K45H9d5heebe51016c9619b0.jpg,http://images.craigslist.org/thumb/3E83K93F65Lb5J85Mbd5ha524e9593af31f8f.jpg,http://images.craigslist.org/thumb/3Lf3F83I95N25G25J3d5h6c736a4ec52210df.jpg,http://images.craigslist.org/thumb/3E83G73J25E75Kf5M2d5ha009ea7972521c8a.jpg,http://images.craigslist.org/thumb/3Eb3L33F35G15E65J9d5h44afdc064a9b1080.jpg,http://images.craigslist.org/thumb/3L63Ja3H95I25E95Hbd5h4b56a78a312a1749.jpg,http://images.craigslist.org/3E43K73Ib5Lc5G75M1d5h795cc06145a2164a.jpg","
  ,
  ¶¶¶¶¶Appliance Wholesalers Now Open to the public (get whole sale prices on new appliances )
"
http://stlouis.craigslist.org/ppd/3807830164.html,"[{'url': 'http://images.craigslist.org/thumb/3Ic3M53F35Ic5M75Jcd5fbbd4fdc195d415f8.jpg', 'path': 'full/9130e9f1a02d5df2dc2202392c7c6009d7556f42.jpg', 'checksum': '22ae0b718f91ea6cc3df5637d2588edc'}, {'url': 'http://images.craigslist.org/thumb/3G13Ld3Mf5Ne5E85Fcd5f4b3cc8a7c8491e6b.jpg', 'path': 'full/cae7ffdf397c813257928c96eb72c9d3e472037b.jpg', 'checksum': 'd7a2663e0e2f05dc5f6532bf8e8acad7'}, {'url': 'http://images.craigslist.org/thumb/3Eb3Jd3N65E75H45J2d5f4b9bf19201061743.jpg', 'path': 'full/da1b5d81847168ae7eb8992317fe761f8b083f93.jpg', 'checksum': '6a7bf07f785f7c5ddc512d8f2661f892'}, {'url': 'http://images.craigslist.org/thumb/3Kc3Md3H25N95G75M7d5f62fe42e0733a1b1f.jpg', 'path': 'full/9ef95f4615eb62565dae2ece829ac4e5834b7e9a.jpg', 'checksum': '2c0f548fc76d03805c152759f701b8bb'}, {'url': 'http://images.craigslist.org/thumb/3I73L33F65L95H55J6d5f14e35f136fc81e3a.jpg', 'path': 'full/1718122259b42c8059f81ab1630200a494bf8986.jpg', 'checksum': 'e3c6e56648765d844bfe3cf71b337152'}, {'url': 'http://images.craigslist.org/thumb/3E43K63Fa5Gd5F15Mcd5f28b452a784cb1473.jpg', 'path': 'full/ace608fc19df7cfc76e1fbccad9e0a96c66ed8df.jpg', 'checksum': '3064009fe1bf117f0dee772b8631a47a'}, {'url': 'http://images.craigslist.org/thumb/3G53L83Mf5G65E75Mcd5f08ca10c39ec81150.jpg', 'path': 'full/8a9f6fccbaf2462c98afdafd39530d7e2aa507e4.jpg', 'checksum': '7749bf3a9f3784132c60b4cdfb83eb9c'}, {'url': 'http://images.craigslist.org/thumb/3L93Fd3Nf5Gc5K25F6d5f842d507912ba1e08.jpg', 'path': 'full/49ff15d43a1c7a8d4f68d63d78b9d811ecdeca07.jpg', 'checksum': '5b0e66f4c4c51250ee76a6e6e7e17672'}, {'url': 'http://images.craigslist.org/3Ic3M53F35Ic5M75Jcd5fbbd4fdc195d415f8.jpg', 'path': 'full/c6bc033093a1319338c330ec9f92a91cb47a3a31.jpg', 'checksum': '527e2853a9b335a02527306ea2189d0c'}]","
		Call or Text at 314-612-0032 for appointments.   fridges  New$399- $749-$1100.  Diswasher  s$ 249.-and up! $399.New is half price of anybody box storeuse fridgerator starting at $99 going to 199
	","http://images.craigslist.org/thumb/3Ic3M53F35Ic5M75Jcd5fbbd4fdc195d415f8.jpg,http://images.craigslist.org/thumb/3G13Ld3Mf5Ne5E85Fcd5f4b3cc8a7c8491e6b.jpg,http://images.craigslist.org/thumb/3Eb3Jd3N65E75H45J2d5f4b9bf19201061743.jpg,http://images.craigslist.org/thumb/3Kc3Md3H25N95G75M7d5f62fe42e0733a1b1f.jpg,http://images.craigslist.org/thumb/3I73L33F65L95H55J6d5f14e35f136fc81e3a.jpg,http://images.craigslist.org/thumb/3E43K63Fa5Gd5F15Mcd5f28b452a784cb1473.jpg,http://images.craigslist.org/thumb/3G53L83Mf5G65E75Mcd5f08ca10c39ec81150.jpg,http://images.craigslist.org/thumb/3L93Fd3Nf5Gc5K25F6d5f842d507912ba1e08.jpg,http://images.craigslist.org/3Ic3M53F35Ic5M75Jcd5fbbd4fdc195d415f8.jpg","
  ,
  ☆☆☆☆//Attention//Appliance// Liquidation Slashing Prices - $99 (★★★★Tons of Appliances for bottom do)
"
http://stlouis.craigslist.org/ppd/3827495264.html,"[{'url': 'http://images.craigslist.org/thumb/3E63Fe3Nc5Na5F35Mfd5o2c86295c9fbc1a8d.jpg', 'path': 'full/7136d98b190fe1e71f21cec1fe34f0102c1b5406.jpg', 'checksum': '1dc469f1b79debac4f680601ec1ab53c'}, {'url': 'http://images.craigslist.org/thumb/3Mf3Jb3H95I75F35M5d5oa3de1a6b8f7f1453.jpg', 'path': 'full/83e9d9650e99852fd0243e378f92944a3380a0c3.jpg', 'checksum': 'd88afaf08f32523916c167824fd21a08'}, {'url': 'http://images.craigslist.org/3E63Fe3Nc5Na5F35Mfd5o2c86295c9fbc1a8d.jpg', 'path': 'full/9506e969a92e00d9e7f36fa3b0b4f614b849f4d2.jpg', 'checksum': 'a1682bbbc01ad28337a4d55e8efcc5c8'}]","
		It is 110 volts it is a Frigidaire it is 12000 btu's  it also has a remote control it really cools down large room fast . I am really looking for is a bbq gas grill or I will sell it for  $150 call Troy 477-0041
	","http://images.craigslist.org/thumb/3E63Fe3Nc5Na5F35Mfd5o2c86295c9fbc1a8d.jpg,http://images.craigslist.org/thumb/3Mf3Jb3H95I75F35M5d5oa3de1a6b8f7f1453.jpg,http://images.craigslist.org/3E63Fe3Nc5Na5F35Mfd5o2c86295c9fbc1a8d.jpg","
  ,
   large ac window unit - $150 (alton)
"
